statistics_code;statistics_label;time_code;time_label;time;1_variable_code;1_variable_label;1_variable_attribute_code;1_variable_attribute_label;2_variable_code;2_variable_label;2_variable_attribute_code;2_variable_attribute_label;value;value_unit;value_variable_code;value_variable_label;value_q
1000A;Bevölkerung kompakt (Gebietsstand 15.05.2022);STAG;Stichtag;2022-05-15;GEOBL1;Bundesländer;11;Berlin;WDGAT2;Einwanderungsgeschichte (ausführlich);WANDERUNG-X;Ohne Einwanderungsgeschichte;69,1;%;PRS018;Personen;e
1000A;Bevölkerung kompakt (Gebietsstand 15.05.2022);STAG;Stichtag;2022-05-15;GEOBL1;Bundesländer;11;Berlin;WDGAT2;Einwanderungsgeschichte (ausführlich);WANDERUNG-X;Ohne Einwanderungsgeschichte;2484754;Anzahl;PRS018;Personen;e
1000A;Bevölkerung kompakt (Gebietsstand 15.05.2022);STAG;Stichtag;2022-05-15;GEOBL1;Bundesländer;02;Hamburg;WDGAT2;Einwanderungsgeschichte (ausführlich);WANDERUNG-BEID;Mit Einwanderungsgeschichte;28,9;%;PRS018;Personen;e
1000A;Bevölkerung kompakt (Gebietsstand 15.05.2022);STAG;Stichtag;2022-05-15;GEOBL1;Bundesländer;02;Hamburg;WDGAT2;Einwanderungsgeschichte (ausführlich);WANDERUNG-BEID;Mit Einwanderungsgeschichte;522485;Anzahl;PRS018;Personen;e
1000A;Bevölkerung kompakt (Gebietsstand 15.05.2022);STAG;Stichtag;2022-05-15;GEOBL1;Bundesländer;02;Hamburg;WDGAT2;Einwanderungsgeschichte (ausführlich);;Insgesamt;100,0;%;PRS018;Personen;e
1000A;Bevölkerung kompakt (Gebietsstand 15.05.2022);STAG;Stichtag;2022-05-15;GEOBL1;Bundesländer;02;Hamburg;WDGAT2;Einwanderungsgeschichte (ausführlich);;Insgesamt;1808846;Anzahl;PRS018;Personen;e
1000A;Bevölkerung kompakt (Gebietsstand 15.05.2022);STAG;Stichtag;2022-05-15;GEOBL1;Bundesländer;12;Brandenburg;WDGAT2;Einwanderungsgeschichte (ausführlich);WANDERUNG-BEID;Mit Einwanderungsgeschichte;9,4;%;PRS018;Personen;e
1000A;Bevölkerung kompakt (Gebietsstand 15.05.2022);STAG;Stichtag;2022-05-15;GEOBL1;Bundesländer;12;Brandenburg;WDGAT2;Einwanderungsgeschichte (ausführlich);WANDERUNG-BEID;Mit Einwanderungsgeschichte;237230;Anzahl;PRS018;Personen;e
1000A;Bevölkerung kompakt (Gebietsstand 15.05.2022);STAG;Stichtag;2022-05-15;GEOBL1;Bundesländer;08;Baden-Württemberg;WDGAT2;Einwanderungsgeschichte (ausführlich);WANDERUNG-X;Ohne Einwanderungsgeschichte;70,9;%;PRS018;Personen;e
1000A;Bevölkerung kompakt (Gebietsstand 15.05.2022);STAG;Stichtag;2022-05-15;GEOBL1;Bundesländer;08;Baden-Württemberg;WDGAT2;Einwanderungsgeschichte (ausführlich);WANDERUNG-X;Ohne Einwanderungsgeschichte;7875036;Anzahl;PRS018;Personen;e
1000A;Bevölkerung kompakt (Gebietsstand 15.05.2022);STAG;Stichtag;2022-05-15;GEOBL1;Bundesländer;06;Hessen;WDGAT2;Einwanderungsgeschichte (ausführlich);WANDERUNG-EINS;Mit einseitiger Einwanderungsgeschichte;2,2;%;PRS018;Personen;e
1000A;Bevölkerung kompakt (Gebietsstand 15.05.2022);STAG;Stichtag;2022-05-15;GEOBL1;Bundesländer;06;Hessen;WDGAT2;Einwanderungsgeschichte (ausführlich);WANDERUNG-EINS;Mit einseitiger Einwanderungsgeschichte;137166;Anzahl;PRS018;Personen;e
1000A;Bevölkerung kompakt (Gebietsstand 15.05.2022);STAG;Stichtag;2022-05-15;GEOBL1;Bundesländer;08;Baden-Württemberg;WDGAT2;Einwanderungsgeschichte (ausführlich);;Insgesamt;100,0;%;PRS018;Personen;e
1000A;Bevölkerung kompakt (Gebietsstand 15.05.2022);STAG;Stichtag;2022-05-15;GEOBL1;Bundesländer;08;Baden-Württemberg;WDGAT2;Einwanderungsgeschichte (ausführlich);;Insgesamt;11104040;Anzahl;PRS018;Personen;e
1000A;Bevölkerung kompakt (Gebietsstand 15.05.2022);STAG;Stichtag;2022-05-15;GEOBL1;Bundesländer;11;Berlin;WDGAT2;Einwanderungsgeschichte (ausführlich);;Insgesamt;100,0;%;PRS018;Personen;e
1000A;Bevölkerung kompakt (Gebietsstand 15.05.2022);STAG;Stichtag;2022-05-15;GEOBL1;Bundesländer;11;Berlin;WDGAT2;Einwanderungsgeschichte (ausführlich);;Insgesamt;3596999;Anzahl;PRS018;Personen;e
1000A;Bevölkerung kompakt (Gebietsstand 15.05.2022);STAG;Stichtag;2022-05-15;GEOBL1;Bundesländer;09;Bayern;WDGAT2;Einwanderungsgeschichte (ausführlich);WANDERUNG-EINS;Mit einseitiger Einwanderungsgeschichte;1,8;%;PRS018;Personen;e
1000A;Bevölkerung kompakt (Gebietsstand 15.05.2022);STAG;Stichtag;2022-05-15;GEOBL1;Bundesländer;09;Bayern;WDGAT2;Einwanderungsgeschichte (ausführlich);WANDERUNG-EINS;Mit einseitiger Einwanderungsgeschichte;237970;Anzahl;PRS018;Personen;e
1000A;Bevölkerung kompakt (Gebietsstand 15.05.2022);STAG;Stichtag;2022-05-15;GEOBL1;Bundesländer;11;Berlin;WDGAT2;Einwanderungsgeschichte (ausführlich);WANDERUNG-EINS;Mit einseitiger Einwanderungsgeschichte;2,3;%;PRS018;Personen;e
1000A;Bevölkerung kompakt (Gebietsstand 15.05.2022);STAG;Stichtag;2022-05-15;GEOBL1;Bundesländer;11;Berlin;WDGAT2;Einwanderungsgeschichte (ausführlich);WANDERUNG-EINS;Mit einseitiger Einwanderungsgeschichte;81063;Anzahl;PRS018;Personen;e
1000A;Bevölkerung kompakt (Gebietsstand 15.05.2022);STAG;Stichtag;2022-05-15;GEOBL1;Bundesländer;07;Rheinland-Pfalz;WDGAT2;Einwanderungsgeschichte (ausführlich);WANDERUNG-BEID;Mit Einwanderungsgeschichte;22,1;%;PRS018;Personen;e
1000A;Bevölkerung kompakt (Gebietsstand 15.05.2022);STAG;Stichtag;2022-05-15;GEOBL1;Bundesländer;07;Rheinland-Pfalz;WDGAT2;Einwanderungsgeschichte (ausführlich);WANDERUNG-BEID;Mit Einwanderungsgeschichte;904221;Anzahl;PRS018;Personen;e
1000A;Bevölkerung kompakt (Gebietsstand 15.05.2022);STAG;Stichtag;2022-05-15;GEOBL1;Bundesländer;14;Sachsen;WDGAT2;Einwanderungsgeschichte (ausführlich);WANDERUNG-EINS;Mit einseitiger Einwanderungsgeschichte;0,6;%;PRS018;Personen;e
1000A;Bevölkerung kompakt (Gebietsstand 15.05.2022);STAG;Stichtag;2022-05-15;GEOBL1;Bundesländer;14;Sachsen;WDGAT2;Einwanderungsgeschichte (ausführlich);WANDERUNG-EINS;Mit einseitiger Einwanderungsgeschichte;22342;Anzahl;PRS018;Personen;e
1000A;Bevölkerung kompakt (Gebietsstand 15.05.2022);STAG;Stichtag;2022-05-15;GEOBL1;Bundesländer;01;Schleswig-Holstein;WDGAT2;Einwanderungsgeschichte (ausführlich);WANDERUNG-EINS;Mit einseitiger Einwanderungsgeschichte;1,3;%;PRS018;Personen;e
1000A;Bevölkerung kompakt (Gebietsstand 15.05.2022);STAG;Stichtag;2022-05-15;GEOBL1;Bundesländer;01;Schleswig-Holstein;WDGAT2;Einwanderungsgeschichte (ausführlich);WANDERUNG-EINS;Mit einseitiger Einwanderungsgeschichte;36864;Anzahl;PRS018;Personen;e
1000A;Bevölkerung kompakt (Gebietsstand 15.05.2022);STAG;Stichtag;2022-05-15;GEOBL1;Bundesländer;06;Hessen;WDGAT2;Einwanderungsgeschichte (ausführlich);WANDERUNG-X;Ohne Einwanderungsgeschichte;70,1;%;PRS018;Personen;e
1000A;Bevölkerung kompakt (Gebietsstand 15.05.2022);STAG;Stichtag;2022-05-15;GEOBL1;Bundesländer;06;Hessen;WDGAT2;Einwanderungsgeschichte (ausführlich);WANDERUNG-X;Ohne Einwanderungsgeschichte;4348414;Anzahl;PRS018;Personen;e
1000A;Bevölkerung kompakt (Gebietsstand 15.05.2022);STAG;Stichtag;2022-05-15;GEOBL1;Bundesländer;04;Bremen;WDGAT2;Einwanderungsgeschichte (ausführlich);WANDERUNG-X;Ohne Einwanderungsgeschichte;65,6;%;PRS018;Personen;e
1000A;Bevölkerung kompakt (Gebietsstand 15.05.2022);STAG;Stichtag;2022-05-15;GEOBL1;Bundesländer;04;Bremen;WDGAT2;Einwanderungsgeschichte (ausführlich);WANDERUNG-X;Ohne Einwanderungsgeschichte;455020;Anzahl;PRS018;Personen;e
1000A;Bevölkerung kompakt (Gebietsstand 15.05.2022);STAG;Stichtag;2022-05-15;GEOBL1;Bundesländer;05;Nordrhein-Westfalen;WDGAT2;Einwanderungsgeschichte (ausführlich);WANDERUNG-X;Ohne Einwanderungsgeschichte;73,2;%;PRS018;Personen;e
1000A;Bevölkerung kompakt (Gebietsstand 15.05.2022);STAG;Stichtag;2022-05-15;GEOBL1;Bundesländer;05;Nordrhein-Westfalen;WDGAT2;Einwanderungsgeschichte (ausführlich);WANDERUNG-X;Ohne Einwanderungsgeschichte;13098908;Anzahl;PRS018;Personen;e
1000A;Bevölkerung kompakt (Gebietsstand 15.05.2022);STAG;Stichtag;2022-05-15;GEOBL1;Bundesländer;01;Schleswig-Holstein;WDGAT2;Einwanderungsgeschichte (ausführlich);;Insgesamt;100,0;%;PRS018;Personen;e
1000A;Bevölkerung kompakt (Gebietsstand 15.05.2022);STAG;Stichtag;2022-05-15;GEOBL1;Bundesländer;01;Schleswig-Holstein;WDGAT2;Einwanderungsgeschichte (ausführlich);;Insgesamt;2927542;Anzahl;PRS018;Personen;e
1000A;Bevölkerung kompakt (Gebietsstand 15.05.2022);STAG;Stichtag;2022-05-15;GEOBL1;Bundesländer;09;Bayern;WDGAT2;Einwanderungsgeschichte (ausführlich);;Insgesamt;100,0;%;PRS018;Personen;e
1000A;Bevölkerung kompakt (Gebietsstand 15.05.2022);STAG;Stichtag;2022-05-15;GEOBL1;Bundesländer;09;Bayern;WDGAT2;Einwanderungsgeschichte (ausführlich);;Insgesamt;13038724;Anzahl;PRS018;Personen;e
1000A;Bevölkerung kompakt (Gebietsstand 15.05.2022);STAG;Stichtag;2022-05-15;GEOBL1;Bundesländer;03;Niedersachsen;WDGAT2;Einwanderungsgeschichte (ausführlich);WANDERUNG-X;Ohne Einwanderungsgeschichte;79,0;%;PRS018;Personen;e
1000A;Bevölkerung kompakt (Gebietsstand 15.05.2022);STAG;Stichtag;2022-05-15;GEOBL1;Bundesländer;03;Niedersachsen;WDGAT2;Einwanderungsgeschichte (ausführlich);WANDERUNG-X;Ohne Einwanderungsgeschichte;6275153;Anzahl;PRS018;Personen;e
1000A;Bevölkerung kompakt (Gebietsstand 15.05.2022);STAG;Stichtag;2022-05-15;GEOBL1;Bundesländer;04;Bremen;WDGAT2;Einwanderungsgeschichte (ausführlich);WANDERUNG-BEID;Mit Einwanderungsgeschichte;32,4;%;PRS018;Personen;e
1000A;Bevölkerung kompakt (Gebietsstand 15.05.2022);STAG;Stichtag;2022-05-15;GEOBL1;Bundesländer;04;Bremen;WDGAT2;Einwanderungsgeschichte (ausführlich);WANDERUNG-BEID;Mit Einwanderungsgeschichte;224701;Anzahl;PRS018;Personen;e
1000A;Bevölkerung kompakt (Gebietsstand 15.05.2022);STAG;Stichtag;2022-05-15;GEOBL1;Bundesländer;08;Baden-Württemberg;WDGAT2;Einwanderungsgeschichte (ausführlich);WANDERUNG-EINS;Mit einseitiger Einwanderungsgeschichte;2,3;%;PRS018;Personen;e
1000A;Bevölkerung kompakt (Gebietsstand 15.05.2022);STAG;Stichtag;2022-05-15;GEOBL1;Bundesländer;08;Baden-Württemberg;WDGAT2;Einwanderungsgeschichte (ausführlich);WANDERUNG-EINS;Mit einseitiger Einwanderungsgeschichte;253880;Anzahl;PRS018;Personen;e
1000A;Bevölkerung kompakt (Gebietsstand 15.05.2022);STAG;Stichtag;2022-05-15;GEOBL1;Bundesländer;10;Saarland;WDGAT2;Einwanderungsgeschichte (ausführlich);WANDERUNG-BEID;Mit Einwanderungsgeschichte;20,0;%;PRS018;Personen;e
1000A;Bevölkerung kompakt (Gebietsstand 15.05.2022);STAG;Stichtag;2022-05-15;GEOBL1;Bundesländer;10;Saarland;WDGAT2;Einwanderungsgeschichte (ausführlich);WANDERUNG-BEID;Mit Einwanderungsgeschichte;201662;Anzahl;PRS018;Personen;e
1000A;Bevölkerung kompakt (Gebietsstand 15.05.2022);STAG;Stichtag;2022-05-15;GEOBL1;Bundesländer;16;Thüringen;WDGAT2;Einwanderungsgeschichte (ausführlich);;Insgesamt;100,0;%;PRS018;Personen;e
1000A;Bevölkerung kompakt (Gebietsstand 15.05.2022);STAG;Stichtag;2022-05-15;GEOBL1;Bundesländer;16;Thüringen;WDGAT2;Einwanderungsgeschichte (ausführlich);;Insgesamt;2110396;Anzahl;PRS018;Personen;e
1000A;Bevölkerung kompakt (Gebietsstand 15.05.2022);STAG;Stichtag;2022-05-15;GEOBL1;Bundesländer;15;Sachsen-Anhalt;WDGAT2;Einwanderungsgeschichte (ausführlich);;Insgesamt;100,0;%;PRS018;Personen;e
1000A;Bevölkerung kompakt (Gebietsstand 15.05.2022);STAG;Stichtag;2022-05-15;GEOBL1;Bundesländer;15;Sachsen-Anhalt;WDGAT2;Einwanderungsgeschichte (ausführlich);;Insgesamt;2146443;Anzahl;PRS018;Personen;e
1000A;Bevölkerung kompakt (Gebietsstand 15.05.2022);STAG;Stichtag;2022-05-15;GEOBL1;Bundesländer;16;Thüringen;WDGAT2;Einwanderungsgeschichte (ausführlich);WANDERUNG-X;Ohne Einwanderungsgeschichte;90,4;%;PRS018;Personen;e
1000A;Bevölkerung kompakt (Gebietsstand 15.05.2022);STAG;Stichtag;2022-05-15;GEOBL1;Bundesländer;16;Thüringen;WDGAT2;Einwanderungsgeschichte (ausführlich);WANDERUNG-X;Ohne Einwanderungsgeschichte;1907781;Anzahl;PRS018;Personen;e
1000A;Bevölkerung kompakt (Gebietsstand 15.05.2022);STAG;Stichtag;2022-05-15;GEOBL1;Bundesländer;14;Sachsen;WDGAT2;Einwanderungsgeschichte (ausführlich);WANDERUNG-X;Ohne Einwanderungsgeschichte;90,1;%;PRS018;Personen;e
1000A;Bevölkerung kompakt (Gebietsstand 15.05.2022);STAG;Stichtag;2022-05-15;GEOBL1;Bundesländer;14;Sachsen;WDGAT2;Einwanderungsgeschichte (ausführlich);WANDERUNG-X;Ohne Einwanderungsgeschichte;3638993;Anzahl;PRS018;Personen;e
1000A;Bevölkerung kompakt (Gebietsstand 15.05.2022);STAG;Stichtag;2022-05-15;GEOBL1;Bundesländer;01;Schleswig-Holstein;WDGAT2;Einwanderungsgeschichte (ausführlich);WANDERUNG-X;Ohne Einwanderungsgeschichte;82,6;%;PRS018;Personen;e
1000A;Bevölkerung kompakt (Gebietsstand 15.05.2022);STAG;Stichtag;2022-05-15;GEOBL1;Bundesländer;01;Schleswig-Holstein;WDGAT2;Einwanderungsgeschichte (ausführlich);WANDERUNG-X;Ohne Einwanderungsgeschichte;2416709;Anzahl;PRS018;Personen;e
1000A;Bevölkerung kompakt (Gebietsstand 15.05.2022);STAG;Stichtag;2022-05-15;GEOBL1;Bundesländer;13;Mecklenburg-Vorpommern;WDGAT2;Einwanderungsgeschichte (ausführlich);WANDERUNG-X;Ohne Einwanderungsgeschichte;91,0;%;PRS018;Personen;e
1000A;Bevölkerung kompakt (Gebietsstand 15.05.2022);STAG;Stichtag;2022-05-15;GEOBL1;Bundesländer;13;Mecklenburg-Vorpommern;WDGAT2;Einwanderungsgeschichte (ausführlich);WANDERUNG-X;Ohne Einwanderungsgeschichte;1429403;Anzahl;PRS018;Personen;e
1000A;Bevölkerung kompakt (Gebietsstand 15.05.2022);STAG;Stichtag;2022-05-15;GEOBL1;Bundesländer;01;Schleswig-Holstein;WDGAT2;Einwanderungsgeschichte (ausführlich);WANDERUNG-BEID;Mit Einwanderungsgeschichte;16,2;%;PRS018;Personen;e
1000A;Bevölkerung kompakt (Gebietsstand 15.05.2022);STAG;Stichtag;2022-05-15;GEOBL1;Bundesländer;01;Schleswig-Holstein;WDGAT2;Einwanderungsgeschichte (ausführlich);WANDERUNG-BEID;Mit Einwanderungsgeschichte;473967;Anzahl;PRS018;Personen;e
1000A;Bevölkerung kompakt (Gebietsstand 15.05.2022);STAG;Stichtag;2022-05-15;GEOBL1;Bundesländer;15;Sachsen-Anhalt;WDGAT2;Einwanderungsgeschichte (ausführlich);WANDERUNG-BEID;Mit Einwanderungsgeschichte;8,9;%;PRS018;Personen;e
1000A;Bevölkerung kompakt (Gebietsstand 15.05.2022);STAG;Stichtag;2022-05-15;GEOBL1;Bundesländer;15;Sachsen-Anhalt;WDGAT2;Einwanderungsgeschichte (ausführlich);WANDERUNG-BEID;Mit Einwanderungsgeschichte;190363;Anzahl;PRS018;Personen;e
1000A;Bevölkerung kompakt (Gebietsstand 15.05.2022);STAG;Stichtag;2022-05-15;GEOBL1;Bundesländer;15;Sachsen-Anhalt;WDGAT2;Einwanderungsgeschichte (ausführlich);WANDERUNG-X;Ohne Einwanderungsgeschichte;90,8;%;PRS018;Personen;e
1000A;Bevölkerung kompakt (Gebietsstand 15.05.2022);STAG;Stichtag;2022-05-15;GEOBL1;Bundesländer;15;Sachsen-Anhalt;WDGAT2;Einwanderungsgeschichte (ausführlich);WANDERUNG-X;Ohne Einwanderungsgeschichte;1948025;Anzahl;PRS018;Personen;e
1000A;Bevölkerung kompakt (Gebietsstand 15.05.2022);STAG;Stichtag;2022-05-15;GEOBL1;Bundesländer;12;Brandenburg;WDGAT2;Einwanderungsgeschichte (ausführlich);WANDERUNG-EINS;Mit einseitiger Einwanderungsgeschichte;0,7;%;PRS018;Personen;e
1000A;Bevölkerung kompakt (Gebietsstand 15.05.2022);STAG;Stichtag;2022-05-15;GEOBL1;Bundesländer;12;Brandenburg;WDGAT2;Einwanderungsgeschichte (ausführlich);WANDERUNG-EINS;Mit einseitiger Einwanderungsgeschichte;16560;Anzahl;PRS018;Personen;e
1000A;Bevölkerung kompakt (Gebietsstand 15.05.2022);STAG;Stichtag;2022-05-15;GEOBL1;Bundesländer;12;Brandenburg;WDGAT2;Einwanderungsgeschichte (ausführlich);;Insgesamt;100,0;%;PRS018;Personen;e
1000A;Bevölkerung kompakt (Gebietsstand 15.05.2022);STAG;Stichtag;2022-05-15;GEOBL1;Bundesländer;12;Brandenburg;WDGAT2;Einwanderungsgeschichte (ausführlich);;Insgesamt;2534075;Anzahl;PRS018;Personen;e
1000A;Bevölkerung kompakt (Gebietsstand 15.05.2022);STAG;Stichtag;2022-05-15;GEOBL1;Bundesländer;03;Niedersachsen;WDGAT2;Einwanderungsgeschichte (ausführlich);WANDERUNG-EINS;Mit einseitiger Einwanderungsgeschichte;1,5;%;PRS018;Personen;e
1000A;Bevölkerung kompakt (Gebietsstand 15.05.2022);STAG;Stichtag;2022-05-15;GEOBL1;Bundesländer;03;Niedersachsen;WDGAT2;Einwanderungsgeschichte (ausführlich);WANDERUNG-EINS;Mit einseitiger Einwanderungsgeschichte;119613;Anzahl;PRS018;Personen;e
1000A;Bevölkerung kompakt (Gebietsstand 15.05.2022);STAG;Stichtag;2022-05-15;GEOBL1;Bundesländer;09;Bayern;WDGAT2;Einwanderungsgeschichte (ausführlich);WANDERUNG-BEID;Mit Einwanderungsgeschichte;22,9;%;PRS018;Personen;e
1000A;Bevölkerung kompakt (Gebietsstand 15.05.2022);STAG;Stichtag;2022-05-15;GEOBL1;Bundesländer;09;Bayern;WDGAT2;Einwanderungsgeschichte (ausführlich);WANDERUNG-BEID;Mit Einwanderungsgeschichte;2982998;Anzahl;PRS018;Personen;e
1000A;Bevölkerung kompakt (Gebietsstand 15.05.2022);STAG;Stichtag;2022-05-15;GEOBL1;Bundesländer;02;Hamburg;WDGAT2;Einwanderungsgeschichte (ausführlich);WANDERUNG-X;Ohne Einwanderungsgeschichte;68,9;%;PRS018;Personen;e
1000A;Bevölkerung kompakt (Gebietsstand 15.05.2022);STAG;Stichtag;2022-05-15;GEOBL1;Bundesländer;02;Hamburg;WDGAT2;Einwanderungsgeschichte (ausführlich);WANDERUNG-X;Ohne Einwanderungsgeschichte;1245618;Anzahl;PRS018;Personen;e
1000A;Bevölkerung kompakt (Gebietsstand 15.05.2022);STAG;Stichtag;2022-05-15;GEOBL1;Bundesländer;05;Nordrhein-Westfalen;WDGAT2;Einwanderungsgeschichte (ausführlich);;Insgesamt;100,0;%;PRS018;Personen;e
1000A;Bevölkerung kompakt (Gebietsstand 15.05.2022);STAG;Stichtag;2022-05-15;GEOBL1;Bundesländer;05;Nordrhein-Westfalen;WDGAT2;Einwanderungsgeschichte (ausführlich);;Insgesamt;17890489;Anzahl;PRS018;Personen;e
1000A;Bevölkerung kompakt (Gebietsstand 15.05.2022);STAG;Stichtag;2022-05-15;GEOBL1;Bundesländer;09;Bayern;WDGAT2;Einwanderungsgeschichte (ausführlich);WANDERUNG-X;Ohne Einwanderungsgeschichte;75,3;%;PRS018;Personen;e
1000A;Bevölkerung kompakt (Gebietsstand 15.05.2022);STAG;Stichtag;2022-05-15;GEOBL1;Bundesländer;09;Bayern;WDGAT2;Einwanderungsgeschichte (ausführlich);WANDERUNG-X;Ohne Einwanderungsgeschichte;9817756;Anzahl;PRS018;Personen;e
1000A;Bevölkerung kompakt (Gebietsstand 15.05.2022);STAG;Stichtag;2022-05-15;GEOBL1;Bundesländer;14;Sachsen;WDGAT2;Einwanderungsgeschichte (ausführlich);;Insgesamt;100,0;%;PRS018;Personen;e
1000A;Bevölkerung kompakt (Gebietsstand 15.05.2022);STAG;Stichtag;2022-05-15;GEOBL1;Bundesländer;14;Sachsen;WDGAT2;Einwanderungsgeschichte (ausführlich);;Insgesamt;4038131;Anzahl;PRS018;Personen;e
1000A;Bevölkerung kompakt (Gebietsstand 15.05.2022);STAG;Stichtag;2022-05-15;GEOBL1;Bundesländer;10;Saarland;WDGAT2;Einwanderungsgeschichte (ausführlich);WANDERUNG-EINS;Mit einseitiger Einwanderungsgeschichte;1,3;%;PRS018;Personen;e
1000A;Bevölkerung kompakt (Gebietsstand 15.05.2022);STAG;Stichtag;2022-05-15;GEOBL1;Bundesländer;10;Saarland;WDGAT2;Einwanderungsgeschichte (ausführlich);WANDERUNG-EINS;Mit einseitiger Einwanderungsgeschichte;13177;Anzahl;PRS018;Personen;e
1000A;Bevölkerung kompakt (Gebietsstand 15.05.2022);STAG;Stichtag;2022-05-15;GEOBL1;Bundesländer;16;Thüringen;WDGAT2;Einwanderungsgeschichte (ausführlich);WANDERUNG-BEID;Mit Einwanderungsgeschichte;9,2;%;PRS018;Personen;e
1000A;Bevölkerung kompakt (Gebietsstand 15.05.2022);STAG;Stichtag;2022-05-15;GEOBL1;Bundesländer;16;Thüringen;WDGAT2;Einwanderungsgeschichte (ausführlich);WANDERUNG-BEID;Mit Einwanderungsgeschichte;193658;Anzahl;PRS018;Personen;e
1000A;Bevölkerung kompakt (Gebietsstand 15.05.2022);STAG;Stichtag;2022-05-15;GEOBL1;Bundesländer;06;Hessen;WDGAT2;Einwanderungsgeschichte (ausführlich);WANDERUNG-BEID;Mit Einwanderungsgeschichte;27,7;%;PRS018;Personen;e
1000A;Bevölkerung kompakt (Gebietsstand 15.05.2022);STAG;Stichtag;2022-05-15;GEOBL1;Bundesländer;06;Hessen;WDGAT2;Einwanderungsgeschichte (ausführlich);WANDERUNG-BEID;Mit Einwanderungsgeschichte;1721698;Anzahl;PRS018;Personen;e
1000A;Bevölkerung kompakt (Gebietsstand 15.05.2022);STAG;Stichtag;2022-05-15;GEOBL1;Bundesländer;15;Sachsen-Anhalt;WDGAT2;Einwanderungsgeschichte (ausführlich);WANDERUNG-EINS;Mit einseitiger Einwanderungsgeschichte;0,4;%;PRS018;Personen;e
1000A;Bevölkerung kompakt (Gebietsstand 15.05.2022);STAG;Stichtag;2022-05-15;GEOBL1;Bundesländer;15;Sachsen-Anhalt;WDGAT2;Einwanderungsgeschichte (ausführlich);WANDERUNG-EINS;Mit einseitiger Einwanderungsgeschichte;8053;Anzahl;PRS018;Personen;e
1000A;Bevölkerung kompakt (Gebietsstand 15.05.2022);STAG;Stichtag;2022-05-15;GEOBL1;Bundesländer;12;Brandenburg;WDGAT2;Einwanderungsgeschichte (ausführlich);WANDERUNG-X;Ohne Einwanderungsgeschichte;90,0;%;PRS018;Personen;e
1000A;Bevölkerung kompakt (Gebietsstand 15.05.2022);STAG;Stichtag;2022-05-15;GEOBL1;Bundesländer;12;Brandenburg;WDGAT2;Einwanderungsgeschichte (ausführlich);WANDERUNG-X;Ohne Einwanderungsgeschichte;2280286;Anzahl;PRS018;Personen;e
1000A;Bevölkerung kompakt (Gebietsstand 15.05.2022);STAG;Stichtag;2022-05-15;GEOBL1;Bundesländer;02;Hamburg;WDGAT2;Einwanderungsgeschichte (ausführlich);WANDERUNG-EINS;Mit einseitiger Einwanderungsgeschichte;2,3;%;PRS018;Personen;e
1000A;Bevölkerung kompakt (Gebietsstand 15.05.2022);STAG;Stichtag;2022-05-15;GEOBL1;Bundesländer;02;Hamburg;WDGAT2;Einwanderungsgeschichte (ausführlich);WANDERUNG-EINS;Mit einseitiger Einwanderungsgeschichte;40745;Anzahl;PRS018;Personen;e
1000A;Bevölkerung kompakt (Gebietsstand 15.05.2022);STAG;Stichtag;2022-05-15;GEOBL1;Bundesländer;07;Rheinland-Pfalz;WDGAT2;Einwanderungsgeschichte (ausführlich);WANDERUNG-X;Ohne Einwanderungsgeschichte;76,2;%;PRS018;Personen;e
1000A;Bevölkerung kompakt (Gebietsstand 15.05.2022);STAG;Stichtag;2022-05-15;GEOBL1;Bundesländer;07;Rheinland-Pfalz;WDGAT2;Einwanderungsgeschichte (ausführlich);WANDERUNG-X;Ohne Einwanderungsgeschichte;3118918;Anzahl;PRS018;Personen;e
1000A;Bevölkerung kompakt (Gebietsstand 15.05.2022);STAG;Stichtag;2022-05-15;GEOBL1;Bundesländer;03;Niedersachsen;WDGAT2;Einwanderungsgeschichte (ausführlich);WANDERUNG-BEID;Mit Einwanderungsgeschichte;19,5;%;PRS018;Personen;e
1000A;Bevölkerung kompakt (Gebietsstand 15.05.2022);STAG;Stichtag;2022-05-15;GEOBL1;Bundesländer;03;Niedersachsen;WDGAT2;Einwanderungsgeschichte (ausführlich);WANDERUNG-BEID;Mit Einwanderungsgeschichte;1548501;Anzahl;PRS018;Personen;e
1000A;Bevölkerung kompakt (Gebietsstand 15.05.2022);STAG;Stichtag;2022-05-15;GEOBL1;Bundesländer;04;Bremen;WDGAT2;Einwanderungsgeschichte (ausführlich);;Insgesamt;100,0;%;PRS018;Personen;e
1000A;Bevölkerung kompakt (Gebietsstand 15.05.2022);STAG;Stichtag;2022-05-15;GEOBL1;Bundesländer;04;Bremen;WDGAT2;Einwanderungsgeschichte (ausführlich);;Insgesamt;693204;Anzahl;PRS018;Personen;e
1000A;Bevölkerung kompakt (Gebietsstand 15.05.2022);STAG;Stichtag;2022-05-15;GEOBL1;Bundesländer;10;Saarland;WDGAT2;Einwanderungsgeschichte (ausführlich);WANDERUNG-X;Ohne Einwanderungsgeschichte;78,7;%;PRS018;Personen;e
1000A;Bevölkerung kompakt (Gebietsstand 15.05.2022);STAG;Stichtag;2022-05-15;GEOBL1;Bundesländer;10;Saarland;WDGAT2;Einwanderungsgeschichte (ausführlich);WANDERUNG-X;Ohne Einwanderungsgeschichte;792028;Anzahl;PRS018;Personen;e
1000A;Bevölkerung kompakt (Gebietsstand 15.05.2022);STAG;Stichtag;2022-05-15;GEOBL1;Bundesländer;13;Mecklenburg-Vorpommern;WDGAT2;Einwanderungsgeschichte (ausführlich);WANDERUNG-BEID;Mit Einwanderungsgeschichte;8,6;%;PRS018;Personen;e
1000A;Bevölkerung kompakt (Gebietsstand 15.05.2022);STAG;Stichtag;2022-05-15;GEOBL1;Bundesländer;13;Mecklenburg-Vorpommern;WDGAT2;Einwanderungsgeschichte (ausführlich);WANDERUNG-BEID;Mit Einwanderungsgeschichte;134981;Anzahl;PRS018;Personen;e
1000A;Bevölkerung kompakt (Gebietsstand 15.05.2022);STAG;Stichtag;2022-05-15;GEOBL1;Bundesländer;06;Hessen;WDGAT2;Einwanderungsgeschichte (ausführlich);;Insgesamt;100,0;%;PRS018;Personen;e
1000A;Bevölkerung kompakt (Gebietsstand 15.05.2022);STAG;Stichtag;2022-05-15;GEOBL1;Bundesländer;06;Hessen;WDGAT2;Einwanderungsgeschichte (ausführlich);;Insgesamt;6207278;Anzahl;PRS018;Personen;e
1000A;Bevölkerung kompakt (Gebietsstand 15.05.2022);STAG;Stichtag;2022-05-15;GEOBL1;Bundesländer;05;Nordrhein-Westfalen;WDGAT2;Einwanderungsgeschichte (ausführlich);WANDERUNG-EINS;Mit einseitiger Einwanderungsgeschichte;2,1;%;PRS018;Personen;e
1000A;Bevölkerung kompakt (Gebietsstand 15.05.2022);STAG;Stichtag;2022-05-15;GEOBL1;Bundesländer;05;Nordrhein-Westfalen;WDGAT2;Einwanderungsgeschichte (ausführlich);WANDERUNG-EINS;Mit einseitiger Einwanderungsgeschichte;371468;Anzahl;PRS018;Personen;e
1000A;Bevölkerung kompakt (Gebietsstand 15.05.2022);STAG;Stichtag;2022-05-15;GEOBL1;Bundesländer;13;Mecklenburg-Vorpommern;WDGAT2;Einwanderungsgeschichte (ausführlich);;Insgesamt;100,0;%;PRS018;Personen;e
1000A;Bevölkerung kompakt (Gebietsstand 15.05.2022);STAG;Stichtag;2022-05-15;GEOBL1;Bundesländer;13;Mecklenburg-Vorpommern;WDGAT2;Einwanderungsgeschichte (ausführlich);;Insgesamt;1570817;Anzahl;PRS018;Personen;e
1000A;Bevölkerung kompakt (Gebietsstand 15.05.2022);STAG;Stichtag;2022-05-15;GEOBL1;Bundesländer;14;Sachsen;WDGAT2;Einwanderungsgeschichte (ausführlich);WANDERUNG-BEID;Mit Einwanderungsgeschichte;9,3;%;PRS018;Personen;e
1000A;Bevölkerung kompakt (Gebietsstand 15.05.2022);STAG;Stichtag;2022-05-15;GEOBL1;Bundesländer;14;Sachsen;WDGAT2;Einwanderungsgeschichte (ausführlich);WANDERUNG-BEID;Mit Einwanderungsgeschichte;376796;Anzahl;PRS018;Personen;e
1000A;Bevölkerung kompakt (Gebietsstand 15.05.2022);STAG;Stichtag;2022-05-15;GEOBL1;Bundesländer;04;Bremen;WDGAT2;Einwanderungsgeschichte (ausführlich);WANDERUNG-EINS;Mit einseitiger Einwanderungsgeschichte;1,9;%;PRS018;Personen;e
1000A;Bevölkerung kompakt (Gebietsstand 15.05.2022);STAG;Stichtag;2022-05-15;GEOBL1;Bundesländer;04;Bremen;WDGAT2;Einwanderungsgeschichte (ausführlich);WANDERUNG-EINS;Mit einseitiger Einwanderungsgeschichte;13486;Anzahl;PRS018;Personen;e
1000A;Bevölkerung kompakt (Gebietsstand 15.05.2022);STAG;Stichtag;2022-05-15;GEOBL1;Bundesländer;13;Mecklenburg-Vorpommern;WDGAT2;Einwanderungsgeschichte (ausführlich);WANDERUNG-EINS;Mit einseitiger Einwanderungsgeschichte;0,4;%;PRS018;Personen;e
1000A;Bevölkerung kompakt (Gebietsstand 15.05.2022);STAG;Stichtag;2022-05-15;GEOBL1;Bundesländer;13;Mecklenburg-Vorpommern;WDGAT2;Einwanderungsgeschichte (ausführlich);WANDERUNG-EINS;Mit einseitiger Einwanderungsgeschichte;6438;Anzahl;PRS018;Personen;e
1000A;Bevölkerung kompakt (Gebietsstand 15.05.2022);STAG;Stichtag;2022-05-15;GEOBL1;Bundesländer;08;Baden-Württemberg;WDGAT2;Einwanderungsgeschichte (ausführlich);WANDERUNG-BEID;Mit Einwanderungsgeschichte;26,8;%;PRS018;Personen;e
1000A;Bevölkerung kompakt (Gebietsstand 15.05.2022);STAG;Stichtag;2022-05-15;GEOBL1;Bundesländer;08;Baden-Württemberg;WDGAT2;Einwanderungsgeschichte (ausführlich);WANDERUNG-BEID;Mit Einwanderungsgeschichte;2975125;Anzahl;PRS018;Personen;e
1000A;Bevölkerung kompakt (Gebietsstand 15.05.2022);STAG;Stichtag;2022-05-15;GEOBL1;Bundesländer;03;Niedersachsen;WDGAT2;Einwanderungsgeschichte (ausführlich);;Insgesamt;100,0;%;PRS018;Personen;e
1000A;Bevölkerung kompakt (Gebietsstand 15.05.2022);STAG;Stichtag;2022-05-15;GEOBL1;Bundesländer;03;Niedersachsen;WDGAT2;Einwanderungsgeschichte (ausführlich);;Insgesamt;7943265;Anzahl;PRS018;Personen;e
1000A;Bevölkerung kompakt (Gebietsstand 15.05.2022);STAG;Stichtag;2022-05-15;GEOBL1;Bundesländer;10;Saarland;WDGAT2;Einwanderungsgeschichte (ausführlich);;Insgesamt;100,0;%;PRS018;Personen;e
1000A;Bevölkerung kompakt (Gebietsstand 15.05.2022);STAG;Stichtag;2022-05-15;GEOBL1;Bundesländer;10;Saarland;WDGAT2;Einwanderungsgeschichte (ausführlich);;Insgesamt;1006864;Anzahl;PRS018;Personen;e
1000A;Bevölkerung kompakt (Gebietsstand 15.05.2022);STAG;Stichtag;2022-05-15;GEOBL1;Bundesländer;07;Rheinland-Pfalz;WDGAT2;Einwanderungsgeschichte (ausführlich);;Insgesamt;100,0;%;PRS018;Personen;e
1000A;Bevölkerung kompakt (Gebietsstand 15.05.2022);STAG;Stichtag;2022-05-15;GEOBL1;Bundesländer;07;Rheinland-Pfalz;WDGAT2;Einwanderungsgeschichte (ausführlich);;Insgesamt;4094169;Anzahl;PRS018;Personen;e
1000A;Bevölkerung kompakt (Gebietsstand 15.05.2022);STAG;Stichtag;2022-05-15;GEOBL1;Bundesländer;05;Nordrhein-Westfalen;WDGAT2;Einwanderungsgeschichte (ausführlich);WANDERUNG-BEID;Mit Einwanderungsgeschichte;24,7;%;PRS018;Personen;e
1000A;Bevölkerung kompakt (Gebietsstand 15.05.2022);STAG;Stichtag;2022-05-15;GEOBL1;Bundesländer;05;Nordrhein-Westfalen;WDGAT2;Einwanderungsgeschichte (ausführlich);WANDERUNG-BEID;Mit Einwanderungsgeschichte;4420111;Anzahl;PRS018;Personen;e
1000A;Bevölkerung kompakt (Gebietsstand 15.05.2022);STAG;Stichtag;2022-05-15;GEOBL1;Bundesländer;11;Berlin;WDGAT2;Einwanderungsgeschichte (ausführlich);WANDERUNG-BEID;Mit Einwanderungsgeschichte;28,7;%;PRS018;Personen;e
1000A;Bevölkerung kompakt (Gebietsstand 15.05.2022);STAG;Stichtag;2022-05-15;GEOBL1;Bundesländer;11;Berlin;WDGAT2;Einwanderungsgeschichte (ausführlich);WANDERUNG-BEID;Mit Einwanderungsgeschichte;1031182;Anzahl;PRS018;Personen;e
1000A;Bevölkerung kompakt (Gebietsstand 15.05.2022);STAG;Stichtag;2022-05-15;GEOBL1;Bundesländer;16;Thüringen;WDGAT2;Einwanderungsgeschichte (ausführlich);WANDERUNG-EINS;Mit einseitiger Einwanderungsgeschichte;0,4;%;PRS018;Personen;e
1000A;Bevölkerung kompakt (Gebietsstand 15.05.2022);STAG;Stichtag;2022-05-15;GEOBL1;Bundesländer;16;Thüringen;WDGAT2;Einwanderungsgeschichte (ausführlich);WANDERUNG-EINS;Mit einseitiger Einwanderungsgeschichte;8953;Anzahl;PRS018;Personen;e
1000A;Bevölkerung kompakt (Gebietsstand 15.05.2022);STAG;Stichtag;2022-05-15;GEOBL1;Bundesländer;07;Rheinland-Pfalz;WDGAT2;Einwanderungsgeschichte (ausführlich);WANDERUNG-EINS;Mit einseitiger Einwanderungsgeschichte;1,7;%;PRS018;Personen;e
1000A;Bevölkerung kompakt (Gebietsstand 15.05.2022);STAG;Stichtag;2022-05-15;GEOBL1;Bundesländer;07;Rheinland-Pfalz;WDGAT2;Einwanderungsgeschichte (ausführlich);WANDERUNG-EINS;Mit einseitiger Einwanderungsgeschichte;71033;Anzahl;PRS018;Personen;e
1000A;Bevölkerung kompakt (Gebietsstand 15.05.2022);STAG;Stichtag;2022-05-15;GEODL1;Deutschland;DG;Deutschland;WDGAT1;Einwanderungsgeschichte (ausführlich);WANDERUNG-EINS;Mit einseitiger Einwanderungsgeschichte;1,7;%;PRS001;Personen;e
1000A;Bevölkerung kompakt (Gebietsstand 15.05.2022);STAG;Stichtag;2022-05-15;GEODL1;Deutschland;DG;Deutschland;WDGAT1;Einwanderungsgeschichte (ausführlich);WANDERUNG-EINS;Mit einseitiger Einwanderungsgeschichte;1438808;Anzahl;PRS001;Personen;e
1000A;Bevölkerung kompakt (Gebietsstand 15.05.2022);STAG;Stichtag;2022-05-15;GEODL1;Deutschland;DG;Deutschland;WDGAT1;Einwanderungsgeschichte (ausführlich);NACHKOMMEN;Nachkommen;3,1;%;PRS001;Personen;e
1000A;Bevölkerung kompakt (Gebietsstand 15.05.2022);STAG;Stichtag;2022-05-15;GEODL1;Deutschland;DG;Deutschland;WDGAT1;Einwanderungsgeschichte (ausführlich);NACHKOMMEN;Nachkommen;2552372;Anzahl;PRS001;Personen;e
1000A;Bevölkerung kompakt (Gebietsstand 15.05.2022);STAG;Stichtag;2022-05-15;GEODL1;Deutschland;DG;Deutschland;WDGAT1;Einwanderungsgeschichte (ausführlich);EINGEWANDERTE;Eingewanderte;18,8;%;PRS001;Personen;e
1000A;Bevölkerung kompakt (Gebietsstand 15.05.2022);STAG;Stichtag;2022-05-15;GEODL1;Deutschland;DG;Deutschland;WDGAT1;Einwanderungsgeschichte (ausführlich);EINGEWANDERTE;Eingewanderte;15589690;Anzahl;PRS001;Personen;e
1000A;Bevölkerung kompakt (Gebietsstand 15.05.2022);STAG;Stichtag;2022-05-15;GEODL1;Deutschland;DG;Deutschland;WDGAT1;Einwanderungsgeschichte (ausführlich);WANDERUNG-X;Ohne Einwanderungsgeschichte;76,3;%;PRS001;Personen;e
1000A;Bevölkerung kompakt (Gebietsstand 15.05.2022);STAG;Stichtag;2022-05-15;GEODL1;Deutschland;DG;Deutschland;WDGAT1;Einwanderungsgeschichte (ausführlich);WANDERUNG-X;Ohne Einwanderungsgeschichte;63138669;Anzahl;PRS001;Personen;e
1000A;Bevölkerung kompakt (Gebietsstand 15.05.2022);STAG;Stichtag;2022-05-15;GEODL1;Deutschland;DG;Deutschland;WDGAT2;Einwanderungsgeschichte (ausführlich);;Insgesamt;100,0;%;PRS001;Personen;e
1000A;Bevölkerung kompakt (Gebietsstand 15.05.2022);STAG;Stichtag;2022-05-15;GEODL1;Deutschland;DG;Deutschland;WDGAT2;Einwanderungsgeschichte (ausführlich);;Insgesamt;82719540;Anzahl;PRS001;Personen;e
1000A;Bevölkerung kompakt (Gebietsstand 15.05.2022);STAG;Stichtag;2022-05-15;GEODL1;Deutschland;DG;Deutschland;WDGAT2;Einwanderungsgeschichte (ausführlich);WANDERUNG-EINS;Mit einseitiger Einwanderungsgeschichte;1,7;%;PRS001;Personen;e
1000A;Bevölkerung kompakt (Gebietsstand 15.05.2022);STAG;Stichtag;2022-05-15;GEODL1;Deutschland;DG;Deutschland;WDGAT2;Einwanderungsgeschichte (ausführlich);WANDERUNG-EINS;Mit einseitiger Einwanderungsgeschichte;1438808;Anzahl;PRS001;Personen;e
1000A;Bevölkerung kompakt (Gebietsstand 15.05.2022);STAG;Stichtag;2022-05-15;GEODL1;Deutschland;DG;Deutschland;WDGAT2;Einwanderungsgeschichte (ausführlich);WANDERUNG-X;Ohne Einwanderungsgeschichte;76,3;%;PRS001;Personen;e
1000A;Bevölkerung kompakt (Gebietsstand 15.05.2022);STAG;Stichtag;2022-05-15;GEODL1;Deutschland;DG;Deutschland;WDGAT2;Einwanderungsgeschichte (ausführlich);WANDERUNG-X;Ohne Einwanderungsgeschichte;63138669;Anzahl;PRS001;Personen;e
1000A;Bevölkerung kompakt (Gebietsstand 15.05.2022);STAG;Stichtag;2022-05-15;GEODL1;Deutschland;DG;Deutschland;WDGAT2;Einwanderungsgeschichte (ausführlich);WANDERUNG-BEID;Mit Einwanderungsgeschichte;21,9;%;PRS001;Personen;e
1000A;Bevölkerung kompakt (Gebietsstand 15.05.2022);STAG;Stichtag;2022-05-15;GEODL1;Deutschland;DG;Deutschland;WDGAT2;Einwanderungsgeschichte (ausführlich);WANDERUNG-BEID;Mit Einwanderungsgeschichte;18142064;Anzahl;PRS001;Personen;e
1000A;Bevölkerung kompakt (Gebietsstand 15.05.2022);STAG;Stichtag;2022-05-15;GEOBL1;Bundesländer;01;Schleswig-Holstein;WDGAT1;Einwanderungsgeschichte (ausführlich);NACHKOMMEN;Nachkommen;2,2;%;PRS018;Personen;e
1000A;Bevölkerung kompakt (Gebietsstand 15.05.2022);STAG;Stichtag;2022-05-15;GEOBL1;Bundesländer;01;Schleswig-Holstein;WDGAT1;Einwanderungsgeschichte (ausführlich);NACHKOMMEN;Nachkommen;65167;Anzahl;PRS018;Personen;e
1000A;Bevölkerung kompakt (Gebietsstand 15.05.2022);STAG;Stichtag;2022-05-15;GEOBL1;Bundesländer;15;Sachsen-Anhalt;WDGAT1;Einwanderungsgeschichte (ausführlich);WANDERUNG-EINS;Mit einseitiger Einwanderungsgeschichte;0,4;%;PRS018;Personen;e
1000A;Bevölkerung kompakt (Gebietsstand 15.05.2022);STAG;Stichtag;2022-05-15;GEOBL1;Bundesländer;15;Sachsen-Anhalt;WDGAT1;Einwanderungsgeschichte (ausführlich);WANDERUNG-EINS;Mit einseitiger Einwanderungsgeschichte;8053;Anzahl;PRS018;Personen;e
1000A;Bevölkerung kompakt (Gebietsstand 15.05.2022);STAG;Stichtag;2022-05-15;GEOBL1;Bundesländer;02;Hamburg;WDGAT1;Einwanderungsgeschichte (ausführlich);EINGEWANDERTE;Eingewanderte;24,6;%;PRS018;Personen;e
1000A;Bevölkerung kompakt (Gebietsstand 15.05.2022);STAG;Stichtag;2022-05-15;GEOBL1;Bundesländer;02;Hamburg;WDGAT1;Einwanderungsgeschichte (ausführlich);EINGEWANDERTE;Eingewanderte;445152;Anzahl;PRS018;Personen;e
1000A;Bevölkerung kompakt (Gebietsstand 15.05.2022);STAG;Stichtag;2022-05-15;GEOBL1;Bundesländer;16;Thüringen;WDGAT1;Einwanderungsgeschichte (ausführlich);WANDERUNG-X;Ohne Einwanderungsgeschichte;90,4;%;PRS018;Personen;e
1000A;Bevölkerung kompakt (Gebietsstand 15.05.2022);STAG;Stichtag;2022-05-15;GEOBL1;Bundesländer;16;Thüringen;WDGAT1;Einwanderungsgeschichte (ausführlich);WANDERUNG-X;Ohne Einwanderungsgeschichte;1907781;Anzahl;PRS018;Personen;e
1000A;Bevölkerung kompakt (Gebietsstand 15.05.2022);STAG;Stichtag;2022-05-15;GEOBL1;Bundesländer;10;Saarland;WDGAT1;Einwanderungsgeschichte (ausführlich);WANDERUNG-EINS;Mit einseitiger Einwanderungsgeschichte;1,3;%;PRS018;Personen;e
1000A;Bevölkerung kompakt (Gebietsstand 15.05.2022);STAG;Stichtag;2022-05-15;GEOBL1;Bundesländer;10;Saarland;WDGAT1;Einwanderungsgeschichte (ausführlich);WANDERUNG-EINS;Mit einseitiger Einwanderungsgeschichte;13177;Anzahl;PRS018;Personen;e
1000A;Bevölkerung kompakt (Gebietsstand 15.05.2022);STAG;Stichtag;2022-05-15;GEOBL1;Bundesländer;02;Hamburg;WDGAT1;Einwanderungsgeschichte (ausführlich);WANDERUNG-EINS;Mit einseitiger Einwanderungsgeschichte;2,3;%;PRS018;Personen;e
1000A;Bevölkerung kompakt (Gebietsstand 15.05.2022);STAG;Stichtag;2022-05-15;GEOBL1;Bundesländer;02;Hamburg;WDGAT1;Einwanderungsgeschichte (ausführlich);WANDERUNG-EINS;Mit einseitiger Einwanderungsgeschichte;40745;Anzahl;PRS018;Personen;e
1000A;Bevölkerung kompakt (Gebietsstand 15.05.2022);STAG;Stichtag;2022-05-15;GEOBL1;Bundesländer;09;Bayern;WDGAT1;Einwanderungsgeschichte (ausführlich);NACHKOMMEN;Nachkommen;2,9;%;PRS018;Personen;e
1000A;Bevölkerung kompakt (Gebietsstand 15.05.2022);STAG;Stichtag;2022-05-15;GEOBL1;Bundesländer;09;Bayern;WDGAT1;Einwanderungsgeschichte (ausführlich);NACHKOMMEN;Nachkommen;376622;Anzahl;PRS018;Personen;e
1000A;Bevölkerung kompakt (Gebietsstand 15.05.2022);STAG;Stichtag;2022-05-15;GEOBL1;Bundesländer;14;Sachsen;WDGAT1;Einwanderungsgeschichte (ausführlich);WANDERUNG-X;Ohne Einwanderungsgeschichte;90,1;%;PRS018;Personen;e
1000A;Bevölkerung kompakt (Gebietsstand 15.05.2022);STAG;Stichtag;2022-05-15;GEOBL1;Bundesländer;14;Sachsen;WDGAT1;Einwanderungsgeschichte (ausführlich);WANDERUNG-X;Ohne Einwanderungsgeschichte;3638993;Anzahl;PRS018;Personen;e
1000A;Bevölkerung kompakt (Gebietsstand 15.05.2022);STAG;Stichtag;2022-05-15;GEOBL1;Bundesländer;02;Hamburg;WDGAT1;Einwanderungsgeschichte (ausführlich);WANDERUNG-X;Ohne Einwanderungsgeschichte;68,9;%;PRS018;Personen;e
1000A;Bevölkerung kompakt (Gebietsstand 15.05.2022);STAG;Stichtag;2022-05-15;GEOBL1;Bundesländer;02;Hamburg;WDGAT1;Einwanderungsgeschichte (ausführlich);WANDERUNG-X;Ohne Einwanderungsgeschichte;1245618;Anzahl;PRS018;Personen;e
1000A;Bevölkerung kompakt (Gebietsstand 15.05.2022);STAG;Stichtag;2022-05-15;GEOBL1;Bundesländer;12;Brandenburg;WDGAT1;Einwanderungsgeschichte (ausführlich);WANDERUNG-X;Ohne Einwanderungsgeschichte;90,0;%;PRS018;Personen;e
1000A;Bevölkerung kompakt (Gebietsstand 15.05.2022);STAG;Stichtag;2022-05-15;GEOBL1;Bundesländer;12;Brandenburg;WDGAT1;Einwanderungsgeschichte (ausführlich);WANDERUNG-X;Ohne Einwanderungsgeschichte;2280286;Anzahl;PRS018;Personen;e
1000A;Bevölkerung kompakt (Gebietsstand 15.05.2022);STAG;Stichtag;2022-05-15;GEOBL1;Bundesländer;04;Bremen;WDGAT1;Einwanderungsgeschichte (ausführlich);NACHKOMMEN;Nachkommen;5,3;%;PRS018;Personen;e
1000A;Bevölkerung kompakt (Gebietsstand 15.05.2022);STAG;Stichtag;2022-05-15;GEOBL1;Bundesländer;04;Bremen;WDGAT1;Einwanderungsgeschichte (ausführlich);NACHKOMMEN;Nachkommen;36563;Anzahl;PRS018;Personen;e
1000A;Bevölkerung kompakt (Gebietsstand 15.05.2022);STAG;Stichtag;2022-05-15;GEOBL1;Bundesländer;01;Schleswig-Holstein;WDGAT1;Einwanderungsgeschichte (ausführlich);EINGEWANDERTE;Eingewanderte;14,0;%;PRS018;Personen;e
1000A;Bevölkerung kompakt (Gebietsstand 15.05.2022);STAG;Stichtag;2022-05-15;GEOBL1;Bundesländer;01;Schleswig-Holstein;WDGAT1;Einwanderungsgeschichte (ausführlich);EINGEWANDERTE;Eingewanderte;408796;Anzahl;PRS018;Personen;e
1000A;Bevölkerung kompakt (Gebietsstand 15.05.2022);STAG;Stichtag;2022-05-15;GEOBL1;Bundesländer;04;Bremen;WDGAT1;Einwanderungsgeschichte (ausführlich);EINGEWANDERTE;Eingewanderte;27,1;%;PRS018;Personen;e
1000A;Bevölkerung kompakt (Gebietsstand 15.05.2022);STAG;Stichtag;2022-05-15;GEOBL1;Bundesländer;04;Bremen;WDGAT1;Einwanderungsgeschichte (ausführlich);EINGEWANDERTE;Eingewanderte;188135;Anzahl;PRS018;Personen;e
1000A;Bevölkerung kompakt (Gebietsstand 15.05.2022);STAG;Stichtag;2022-05-15;GEOBL1;Bundesländer;13;Mecklenburg-Vorpommern;WDGAT1;Einwanderungsgeschichte (ausführlich);NACHKOMMEN;Nachkommen;0,7;%;PRS018;Personen;e
1000A;Bevölkerung kompakt (Gebietsstand 15.05.2022);STAG;Stichtag;2022-05-15;GEOBL1;Bundesländer;13;Mecklenburg-Vorpommern;WDGAT1;Einwanderungsgeschichte (ausführlich);NACHKOMMEN;Nachkommen;11327;Anzahl;PRS018;Personen;e
1000A;Bevölkerung kompakt (Gebietsstand 15.05.2022);STAG;Stichtag;2022-05-15;GEOBL1;Bundesländer;09;Bayern;WDGAT1;Einwanderungsgeschichte (ausführlich);WANDERUNG-X;Ohne Einwanderungsgeschichte;75,3;%;PRS018;Personen;e
1000A;Bevölkerung kompakt (Gebietsstand 15.05.2022);STAG;Stichtag;2022-05-15;GEOBL1;Bundesländer;09;Bayern;WDGAT1;Einwanderungsgeschichte (ausführlich);WANDERUNG-X;Ohne Einwanderungsgeschichte;9817756;Anzahl;PRS018;Personen;e
1000A;Bevölkerung kompakt (Gebietsstand 15.05.2022);STAG;Stichtag;2022-05-15;GEOBL1;Bundesländer;05;Nordrhein-Westfalen;WDGAT1;Einwanderungsgeschichte (ausführlich);WANDERUNG-EINS;Mit einseitiger Einwanderungsgeschichte;2,1;%;PRS018;Personen;e
1000A;Bevölkerung kompakt (Gebietsstand 15.05.2022);STAG;Stichtag;2022-05-15;GEOBL1;Bundesländer;05;Nordrhein-Westfalen;WDGAT1;Einwanderungsgeschichte (ausführlich);WANDERUNG-EINS;Mit einseitiger Einwanderungsgeschichte;371468;Anzahl;PRS018;Personen;e
1000A;Bevölkerung kompakt (Gebietsstand 15.05.2022);STAG;Stichtag;2022-05-15;GEOBL1;Bundesländer;08;Baden-Württemberg;WDGAT1;Einwanderungsgeschichte (ausführlich);WANDERUNG-EINS;Mit einseitiger Einwanderungsgeschichte;2,3;%;PRS018;Personen;e
1000A;Bevölkerung kompakt (Gebietsstand 15.05.2022);STAG;Stichtag;2022-05-15;GEOBL1;Bundesländer;08;Baden-Württemberg;WDGAT1;Einwanderungsgeschichte (ausführlich);WANDERUNG-EINS;Mit einseitiger Einwanderungsgeschichte;253880;Anzahl;PRS018;Personen;e
1000A;Bevölkerung kompakt (Gebietsstand 15.05.2022);STAG;Stichtag;2022-05-15;GEOBL1;Bundesländer;10;Saarland;WDGAT1;Einwanderungsgeschichte (ausführlich);WANDERUNG-X;Ohne Einwanderungsgeschichte;78,7;%;PRS018;Personen;e
1000A;Bevölkerung kompakt (Gebietsstand 15.05.2022);STAG;Stichtag;2022-05-15;GEOBL1;Bundesländer;10;Saarland;WDGAT1;Einwanderungsgeschichte (ausführlich);WANDERUNG-X;Ohne Einwanderungsgeschichte;792028;Anzahl;PRS018;Personen;e
1000A;Bevölkerung kompakt (Gebietsstand 15.05.2022);STAG;Stichtag;2022-05-15;GEOBL1;Bundesländer;07;Rheinland-Pfalz;WDGAT1;Einwanderungsgeschichte (ausführlich);NACHKOMMEN;Nachkommen;3,3;%;PRS018;Personen;e
1000A;Bevölkerung kompakt (Gebietsstand 15.05.2022);STAG;Stichtag;2022-05-15;GEOBL1;Bundesländer;07;Rheinland-Pfalz;WDGAT1;Einwanderungsgeschichte (ausführlich);NACHKOMMEN;Nachkommen;134927;Anzahl;PRS018;Personen;e
1000A;Bevölkerung kompakt (Gebietsstand 15.05.2022);STAG;Stichtag;2022-05-15;GEOBL1;Bundesländer;05;Nordrhein-Westfalen;WDGAT1;Einwanderungsgeschichte (ausführlich);EINGEWANDERTE;Eingewanderte;20,8;%;PRS018;Personen;e
1000A;Bevölkerung kompakt (Gebietsstand 15.05.2022);STAG;Stichtag;2022-05-15;GEOBL1;Bundesländer;05;Nordrhein-Westfalen;WDGAT1;Einwanderungsgeschichte (ausführlich);EINGEWANDERTE;Eingewanderte;3726003;Anzahl;PRS018;Personen;e
1000A;Bevölkerung kompakt (Gebietsstand 15.05.2022);STAG;Stichtag;2022-05-15;GEOBL1;Bundesländer;16;Thüringen;WDGAT1;Einwanderungsgeschichte (ausführlich);EINGEWANDERTE;Eingewanderte;8,3;%;PRS018;Personen;e
1000A;Bevölkerung kompakt (Gebietsstand 15.05.2022);STAG;Stichtag;2022-05-15;GEOBL1;Bundesländer;16;Thüringen;WDGAT1;Einwanderungsgeschichte (ausführlich);EINGEWANDERTE;Eingewanderte;176213;Anzahl;PRS018;Personen;e
1000A;Bevölkerung kompakt (Gebietsstand 15.05.2022);STAG;Stichtag;2022-05-15;GEOBL1;Bundesländer;12;Brandenburg;WDGAT1;Einwanderungsgeschichte (ausführlich);NACHKOMMEN;Nachkommen;1,0;%;PRS018;Personen;e
1000A;Bevölkerung kompakt (Gebietsstand 15.05.2022);STAG;Stichtag;2022-05-15;GEOBL1;Bundesländer;12;Brandenburg;WDGAT1;Einwanderungsgeschichte (ausführlich);NACHKOMMEN;Nachkommen;24207;Anzahl;PRS018;Personen;e
1000A;Bevölkerung kompakt (Gebietsstand 15.05.2022);STAG;Stichtag;2022-05-15;GEOBL1;Bundesländer;11;Berlin;WDGAT1;Einwanderungsgeschichte (ausführlich);WANDERUNG-X;Ohne Einwanderungsgeschichte;69,1;%;PRS018;Personen;e
1000A;Bevölkerung kompakt (Gebietsstand 15.05.2022);STAG;Stichtag;2022-05-15;GEOBL1;Bundesländer;11;Berlin;WDGAT1;Einwanderungsgeschichte (ausführlich);WANDERUNG-X;Ohne Einwanderungsgeschichte;2484754;Anzahl;PRS018;Personen;e
1000A;Bevölkerung kompakt (Gebietsstand 15.05.2022);STAG;Stichtag;2022-05-15;GEOBL1;Bundesländer;02;Hamburg;WDGAT1;Einwanderungsgeschichte (ausführlich);NACHKOMMEN;Nachkommen;4,3;%;PRS018;Personen;e
1000A;Bevölkerung kompakt (Gebietsstand 15.05.2022);STAG;Stichtag;2022-05-15;GEOBL1;Bundesländer;02;Hamburg;WDGAT1;Einwanderungsgeschichte (ausführlich);NACHKOMMEN;Nachkommen;77336;Anzahl;PRS018;Personen;e
1000A;Bevölkerung kompakt (Gebietsstand 15.05.2022);STAG;Stichtag;2022-05-15;GEOBL1;Bundesländer;10;Saarland;WDGAT1;Einwanderungsgeschichte (ausführlich);NACHKOMMEN;Nachkommen;2,8;%;PRS018;Personen;e
1000A;Bevölkerung kompakt (Gebietsstand 15.05.2022);STAG;Stichtag;2022-05-15;GEOBL1;Bundesländer;10;Saarland;WDGAT1;Einwanderungsgeschichte (ausführlich);NACHKOMMEN;Nachkommen;28459;Anzahl;PRS018;Personen;e
1000A;Bevölkerung kompakt (Gebietsstand 15.05.2022);STAG;Stichtag;2022-05-15;GEOBL1;Bundesländer;12;Brandenburg;WDGAT1;Einwanderungsgeschichte (ausführlich);WANDERUNG-EINS;Mit einseitiger Einwanderungsgeschichte;0,7;%;PRS018;Personen;e
1000A;Bevölkerung kompakt (Gebietsstand 15.05.2022);STAG;Stichtag;2022-05-15;GEOBL1;Bundesländer;12;Brandenburg;WDGAT1;Einwanderungsgeschichte (ausführlich);WANDERUNG-EINS;Mit einseitiger Einwanderungsgeschichte;16560;Anzahl;PRS018;Personen;e
1000A;Bevölkerung kompakt (Gebietsstand 15.05.2022);STAG;Stichtag;2022-05-15;GEOBL1;Bundesländer;10;Saarland;WDGAT1;Einwanderungsgeschichte (ausführlich);EINGEWANDERTE;Eingewanderte;17,2;%;PRS018;Personen;e
1000A;Bevölkerung kompakt (Gebietsstand 15.05.2022);STAG;Stichtag;2022-05-15;GEOBL1;Bundesländer;10;Saarland;WDGAT1;Einwanderungsgeschichte (ausführlich);EINGEWANDERTE;Eingewanderte;173205;Anzahl;PRS018;Personen;e
1000A;Bevölkerung kompakt (Gebietsstand 15.05.2022);STAG;Stichtag;2022-05-15;GEOBL1;Bundesländer;03;Niedersachsen;WDGAT1;Einwanderungsgeschichte (ausführlich);WANDERUNG-EINS;Mit einseitiger Einwanderungsgeschichte;1,5;%;PRS018;Personen;e
1000A;Bevölkerung kompakt (Gebietsstand 15.05.2022);STAG;Stichtag;2022-05-15;GEOBL1;Bundesländer;03;Niedersachsen;WDGAT1;Einwanderungsgeschichte (ausführlich);WANDERUNG-EINS;Mit einseitiger Einwanderungsgeschichte;119613;Anzahl;PRS018;Personen;e
1000A;Bevölkerung kompakt (Gebietsstand 15.05.2022);STAG;Stichtag;2022-05-15;GEOBL1;Bundesländer;15;Sachsen-Anhalt;WDGAT1;Einwanderungsgeschichte (ausführlich);NACHKOMMEN;Nachkommen;0,9;%;PRS018;Personen;e
1000A;Bevölkerung kompakt (Gebietsstand 15.05.2022);STAG;Stichtag;2022-05-15;GEOBL1;Bundesländer;15;Sachsen-Anhalt;WDGAT1;Einwanderungsgeschichte (ausführlich);NACHKOMMEN;Nachkommen;19345;Anzahl;PRS018;Personen;e
1000A;Bevölkerung kompakt (Gebietsstand 15.05.2022);STAG;Stichtag;2022-05-15;GEOBL1;Bundesländer;15;Sachsen-Anhalt;WDGAT1;Einwanderungsgeschichte (ausführlich);WANDERUNG-X;Ohne Einwanderungsgeschichte;90,8;%;PRS018;Personen;e
1000A;Bevölkerung kompakt (Gebietsstand 15.05.2022);STAG;Stichtag;2022-05-15;GEOBL1;Bundesländer;15;Sachsen-Anhalt;WDGAT1;Einwanderungsgeschichte (ausführlich);WANDERUNG-X;Ohne Einwanderungsgeschichte;1948025;Anzahl;PRS018;Personen;e
1000A;Bevölkerung kompakt (Gebietsstand 15.05.2022);STAG;Stichtag;2022-05-15;GEOBL1;Bundesländer;03;Niedersachsen;WDGAT1;Einwanderungsgeschichte (ausführlich);WANDERUNG-X;Ohne Einwanderungsgeschichte;79,0;%;PRS018;Personen;e
1000A;Bevölkerung kompakt (Gebietsstand 15.05.2022);STAG;Stichtag;2022-05-15;GEOBL1;Bundesländer;03;Niedersachsen;WDGAT1;Einwanderungsgeschichte (ausführlich);WANDERUNG-X;Ohne Einwanderungsgeschichte;6275153;Anzahl;PRS018;Personen;e
1000A;Bevölkerung kompakt (Gebietsstand 15.05.2022);STAG;Stichtag;2022-05-15;GEOBL1;Bundesländer;07;Rheinland-Pfalz;WDGAT1;Einwanderungsgeschichte (ausführlich);EINGEWANDERTE;Eingewanderte;18,8;%;PRS018;Personen;e
1000A;Bevölkerung kompakt (Gebietsstand 15.05.2022);STAG;Stichtag;2022-05-15;GEOBL1;Bundesländer;07;Rheinland-Pfalz;WDGAT1;Einwanderungsgeschichte (ausführlich);EINGEWANDERTE;Eingewanderte;769291;Anzahl;PRS018;Personen;e
1000A;Bevölkerung kompakt (Gebietsstand 15.05.2022);STAG;Stichtag;2022-05-15;GEOBL1;Bundesländer;11;Berlin;WDGAT1;Einwanderungsgeschichte (ausführlich);WANDERUNG-EINS;Mit einseitiger Einwanderungsgeschichte;2,3;%;PRS018;Personen;e
1000A;Bevölkerung kompakt (Gebietsstand 15.05.2022);STAG;Stichtag;2022-05-15;GEOBL1;Bundesländer;11;Berlin;WDGAT1;Einwanderungsgeschichte (ausführlich);WANDERUNG-EINS;Mit einseitiger Einwanderungsgeschichte;81063;Anzahl;PRS018;Personen;e
1000A;Bevölkerung kompakt (Gebietsstand 15.05.2022);STAG;Stichtag;2022-05-15;GEOBL1;Bundesländer;05;Nordrhein-Westfalen;WDGAT1;Einwanderungsgeschichte (ausführlich);NACHKOMMEN;Nachkommen;3,9;%;PRS018;Personen;e
1000A;Bevölkerung kompakt (Gebietsstand 15.05.2022);STAG;Stichtag;2022-05-15;GEOBL1;Bundesländer;05;Nordrhein-Westfalen;WDGAT1;Einwanderungsgeschichte (ausführlich);NACHKOMMEN;Nachkommen;694110;Anzahl;PRS018;Personen;e
1000A;Bevölkerung kompakt (Gebietsstand 15.05.2022);STAG;Stichtag;2022-05-15;GEOBL1;Bundesländer;13;Mecklenburg-Vorpommern;WDGAT1;Einwanderungsgeschichte (ausführlich);EINGEWANDERTE;Eingewanderte;7,9;%;PRS018;Personen;e
1000A;Bevölkerung kompakt (Gebietsstand 15.05.2022);STAG;Stichtag;2022-05-15;GEOBL1;Bundesländer;13;Mecklenburg-Vorpommern;WDGAT1;Einwanderungsgeschichte (ausführlich);EINGEWANDERTE;Eingewanderte;123652;Anzahl;PRS018;Personen;e
1000A;Bevölkerung kompakt (Gebietsstand 15.05.2022);STAG;Stichtag;2022-05-15;GEOBL1;Bundesländer;14;Sachsen;WDGAT1;Einwanderungsgeschichte (ausführlich);NACHKOMMEN;Nachkommen;0,9;%;PRS018;Personen;e
1000A;Bevölkerung kompakt (Gebietsstand 15.05.2022);STAG;Stichtag;2022-05-15;GEOBL1;Bundesländer;14;Sachsen;WDGAT1;Einwanderungsgeschichte (ausführlich);NACHKOMMEN;Nachkommen;37191;Anzahl;PRS018;Personen;e
1000A;Bevölkerung kompakt (Gebietsstand 15.05.2022);STAG;Stichtag;2022-05-15;GEOBL1;Bundesländer;06;Hessen;WDGAT1;Einwanderungsgeschichte (ausführlich);WANDERUNG-EINS;Mit einseitiger Einwanderungsgeschichte;2,2;%;PRS018;Personen;e
1000A;Bevölkerung kompakt (Gebietsstand 15.05.2022);STAG;Stichtag;2022-05-15;GEOBL1;Bundesländer;06;Hessen;WDGAT1;Einwanderungsgeschichte (ausführlich);WANDERUNG-EINS;Mit einseitiger Einwanderungsgeschichte;137166;Anzahl;PRS018;Personen;e
1000A;Bevölkerung kompakt (Gebietsstand 15.05.2022);STAG;Stichtag;2022-05-15;GEOBL1;Bundesländer;08;Baden-Württemberg;WDGAT1;Einwanderungsgeschichte (ausführlich);EINGEWANDERTE;Eingewanderte;23,3;%;PRS018;Personen;e
1000A;Bevölkerung kompakt (Gebietsstand 15.05.2022);STAG;Stichtag;2022-05-15;GEOBL1;Bundesländer;08;Baden-Württemberg;WDGAT1;Einwanderungsgeschichte (ausführlich);EINGEWANDERTE;Eingewanderte;2581917;Anzahl;PRS018;Personen;e
1000A;Bevölkerung kompakt (Gebietsstand 15.05.2022);STAG;Stichtag;2022-05-15;GEOBL1;Bundesländer;09;Bayern;WDGAT1;Einwanderungsgeschichte (ausführlich);WANDERUNG-EINS;Mit einseitiger Einwanderungsgeschichte;1,8;%;PRS018;Personen;e
1000A;Bevölkerung kompakt (Gebietsstand 15.05.2022);STAG;Stichtag;2022-05-15;GEOBL1;Bundesländer;09;Bayern;WDGAT1;Einwanderungsgeschichte (ausführlich);WANDERUNG-EINS;Mit einseitiger Einwanderungsgeschichte;237970;Anzahl;PRS018;Personen;e
1000A;Bevölkerung kompakt (Gebietsstand 15.05.2022);STAG;Stichtag;2022-05-15;GEOBL1;Bundesländer;13;Mecklenburg-Vorpommern;WDGAT1;Einwanderungsgeschichte (ausführlich);WANDERUNG-X;Ohne Einwanderungsgeschichte;91,0;%;PRS018;Personen;e
1000A;Bevölkerung kompakt (Gebietsstand 15.05.2022);STAG;Stichtag;2022-05-15;GEOBL1;Bundesländer;13;Mecklenburg-Vorpommern;WDGAT1;Einwanderungsgeschichte (ausführlich);WANDERUNG-X;Ohne Einwanderungsgeschichte;1429403;Anzahl;PRS018;Personen;e
1000A;Bevölkerung kompakt (Gebietsstand 15.05.2022);STAG;Stichtag;2022-05-15;GEOBL1;Bundesländer;14;Sachsen;WDGAT1;Einwanderungsgeschichte (ausführlich);WANDERUNG-EINS;Mit einseitiger Einwanderungsgeschichte;0,6;%;PRS018;Personen;e
1000A;Bevölkerung kompakt (Gebietsstand 15.05.2022);STAG;Stichtag;2022-05-15;GEOBL1;Bundesländer;14;Sachsen;WDGAT1;Einwanderungsgeschichte (ausführlich);WANDERUNG-EINS;Mit einseitiger Einwanderungsgeschichte;22342;Anzahl;PRS018;Personen;e
1000A;Bevölkerung kompakt (Gebietsstand 15.05.2022);STAG;Stichtag;2022-05-15;GEOBL1;Bundesländer;15;Sachsen-Anhalt;WDGAT1;Einwanderungsgeschichte (ausführlich);EINGEWANDERTE;Eingewanderte;8,0;%;PRS018;Personen;e
1000A;Bevölkerung kompakt (Gebietsstand 15.05.2022);STAG;Stichtag;2022-05-15;GEOBL1;Bundesländer;15;Sachsen-Anhalt;WDGAT1;Einwanderungsgeschichte (ausführlich);EINGEWANDERTE;Eingewanderte;171022;Anzahl;PRS018;Personen;e
1000A;Bevölkerung kompakt (Gebietsstand 15.05.2022);STAG;Stichtag;2022-05-15;GEOBL1;Bundesländer;12;Brandenburg;WDGAT1;Einwanderungsgeschichte (ausführlich);EINGEWANDERTE;Eingewanderte;8,4;%;PRS018;Personen;e
1000A;Bevölkerung kompakt (Gebietsstand 15.05.2022);STAG;Stichtag;2022-05-15;GEOBL1;Bundesländer;12;Brandenburg;WDGAT1;Einwanderungsgeschichte (ausführlich);EINGEWANDERTE;Eingewanderte;213024;Anzahl;PRS018;Personen;e
1000A;Bevölkerung kompakt (Gebietsstand 15.05.2022);STAG;Stichtag;2022-05-15;GEOBL1;Bundesländer;01;Schleswig-Holstein;WDGAT1;Einwanderungsgeschichte (ausführlich);WANDERUNG-X;Ohne Einwanderungsgeschichte;82,6;%;PRS018;Personen;e
1000A;Bevölkerung kompakt (Gebietsstand 15.05.2022);STAG;Stichtag;2022-05-15;GEOBL1;Bundesländer;01;Schleswig-Holstein;WDGAT1;Einwanderungsgeschichte (ausführlich);WANDERUNG-X;Ohne Einwanderungsgeschichte;2416709;Anzahl;PRS018;Personen;e
1000A;Bevölkerung kompakt (Gebietsstand 15.05.2022);STAG;Stichtag;2022-05-15;GEOBL1;Bundesländer;01;Schleswig-Holstein;WDGAT1;Einwanderungsgeschichte (ausführlich);WANDERUNG-EINS;Mit einseitiger Einwanderungsgeschichte;1,3;%;PRS018;Personen;e
1000A;Bevölkerung kompakt (Gebietsstand 15.05.2022);STAG;Stichtag;2022-05-15;GEOBL1;Bundesländer;01;Schleswig-Holstein;WDGAT1;Einwanderungsgeschichte (ausführlich);WANDERUNG-EINS;Mit einseitiger Einwanderungsgeschichte;36864;Anzahl;PRS018;Personen;e
1000A;Bevölkerung kompakt (Gebietsstand 15.05.2022);STAG;Stichtag;2022-05-15;GEOBL1;Bundesländer;08;Baden-Württemberg;WDGAT1;Einwanderungsgeschichte (ausführlich);NACHKOMMEN;Nachkommen;3,5;%;PRS018;Personen;e
1000A;Bevölkerung kompakt (Gebietsstand 15.05.2022);STAG;Stichtag;2022-05-15;GEOBL1;Bundesländer;08;Baden-Württemberg;WDGAT1;Einwanderungsgeschichte (ausführlich);NACHKOMMEN;Nachkommen;393207;Anzahl;PRS018;Personen;e
1000A;Bevölkerung kompakt (Gebietsstand 15.05.2022);STAG;Stichtag;2022-05-15;GEOBL1;Bundesländer;03;Niedersachsen;WDGAT1;Einwanderungsgeschichte (ausführlich);NACHKOMMEN;Nachkommen;3,1;%;PRS018;Personen;e
1000A;Bevölkerung kompakt (Gebietsstand 15.05.2022);STAG;Stichtag;2022-05-15;GEOBL1;Bundesländer;03;Niedersachsen;WDGAT1;Einwanderungsgeschichte (ausführlich);NACHKOMMEN;Nachkommen;244992;Anzahl;PRS018;Personen;e
1000A;Bevölkerung kompakt (Gebietsstand 15.05.2022);STAG;Stichtag;2022-05-15;GEOBL1;Bundesländer;08;Baden-Württemberg;WDGAT1;Einwanderungsgeschichte (ausführlich);WANDERUNG-X;Ohne Einwanderungsgeschichte;70,9;%;PRS018;Personen;e
1000A;Bevölkerung kompakt (Gebietsstand 15.05.2022);STAG;Stichtag;2022-05-15;GEOBL1;Bundesländer;08;Baden-Württemberg;WDGAT1;Einwanderungsgeschichte (ausführlich);WANDERUNG-X;Ohne Einwanderungsgeschichte;7875036;Anzahl;PRS018;Personen;e
1000A;Bevölkerung kompakt (Gebietsstand 15.05.2022);STAG;Stichtag;2022-05-15;GEOBL1;Bundesländer;13;Mecklenburg-Vorpommern;WDGAT1;Einwanderungsgeschichte (ausführlich);WANDERUNG-EINS;Mit einseitiger Einwanderungsgeschichte;0,4;%;PRS018;Personen;e
1000A;Bevölkerung kompakt (Gebietsstand 15.05.2022);STAG;Stichtag;2022-05-15;GEOBL1;Bundesländer;13;Mecklenburg-Vorpommern;WDGAT1;Einwanderungsgeschichte (ausführlich);WANDERUNG-EINS;Mit einseitiger Einwanderungsgeschichte;6438;Anzahl;PRS018;Personen;e
1000A;Bevölkerung kompakt (Gebietsstand 15.05.2022);STAG;Stichtag;2022-05-15;GEOBL1;Bundesländer;09;Bayern;WDGAT1;Einwanderungsgeschichte (ausführlich);EINGEWANDERTE;Eingewanderte;20,0;%;PRS018;Personen;e
1000A;Bevölkerung kompakt (Gebietsstand 15.05.2022);STAG;Stichtag;2022-05-15;GEOBL1;Bundesländer;09;Bayern;WDGAT1;Einwanderungsgeschichte (ausführlich);EINGEWANDERTE;Eingewanderte;2606378;Anzahl;PRS018;Personen;e
1000A;Bevölkerung kompakt (Gebietsstand 15.05.2022);STAG;Stichtag;2022-05-15;GEOBL1;Bundesländer;11;Berlin;WDGAT1;Einwanderungsgeschichte (ausführlich);EINGEWANDERTE;Eingewanderte;24,9;%;PRS018;Personen;e
1000A;Bevölkerung kompakt (Gebietsstand 15.05.2022);STAG;Stichtag;2022-05-15;GEOBL1;Bundesländer;11;Berlin;WDGAT1;Einwanderungsgeschichte (ausführlich);EINGEWANDERTE;Eingewanderte;894047;Anzahl;PRS018;Personen;e
1000A;Bevölkerung kompakt (Gebietsstand 15.05.2022);STAG;Stichtag;2022-05-15;GEOBL1;Bundesländer;16;Thüringen;WDGAT1;Einwanderungsgeschichte (ausführlich);NACHKOMMEN;Nachkommen;0,8;%;PRS018;Personen;e
1000A;Bevölkerung kompakt (Gebietsstand 15.05.2022);STAG;Stichtag;2022-05-15;GEOBL1;Bundesländer;16;Thüringen;WDGAT1;Einwanderungsgeschichte (ausführlich);NACHKOMMEN;Nachkommen;17447;Anzahl;PRS018;Personen;e
1000A;Bevölkerung kompakt (Gebietsstand 15.05.2022);STAG;Stichtag;2022-05-15;GEOBL1;Bundesländer;07;Rheinland-Pfalz;WDGAT1;Einwanderungsgeschichte (ausführlich);WANDERUNG-X;Ohne Einwanderungsgeschichte;76,2;%;PRS018;Personen;e
1000A;Bevölkerung kompakt (Gebietsstand 15.05.2022);STAG;Stichtag;2022-05-15;GEOBL1;Bundesländer;07;Rheinland-Pfalz;WDGAT1;Einwanderungsgeschichte (ausführlich);WANDERUNG-X;Ohne Einwanderungsgeschichte;3118918;Anzahl;PRS018;Personen;e
1000A;Bevölkerung kompakt (Gebietsstand 15.05.2022);STAG;Stichtag;2022-05-15;GEOBL1;Bundesländer;06;Hessen;WDGAT1;Einwanderungsgeschichte (ausführlich);WANDERUNG-X;Ohne Einwanderungsgeschichte;70,1;%;PRS018;Personen;e
1000A;Bevölkerung kompakt (Gebietsstand 15.05.2022);STAG;Stichtag;2022-05-15;GEOBL1;Bundesländer;06;Hessen;WDGAT1;Einwanderungsgeschichte (ausführlich);WANDERUNG-X;Ohne Einwanderungsgeschichte;4348414;Anzahl;PRS018;Personen;e
1000A;Bevölkerung kompakt (Gebietsstand 15.05.2022);STAG;Stichtag;2022-05-15;GEOBL1;Bundesländer;04;Bremen;WDGAT1;Einwanderungsgeschichte (ausführlich);WANDERUNG-EINS;Mit einseitiger Einwanderungsgeschichte;1,9;%;PRS018;Personen;e
1000A;Bevölkerung kompakt (Gebietsstand 15.05.2022);STAG;Stichtag;2022-05-15;GEOBL1;Bundesländer;04;Bremen;WDGAT1;Einwanderungsgeschichte (ausführlich);WANDERUNG-EINS;Mit einseitiger Einwanderungsgeschichte;13486;Anzahl;PRS018;Personen;e
1000A;Bevölkerung kompakt (Gebietsstand 15.05.2022);STAG;Stichtag;2022-05-15;GEOBL1;Bundesländer;05;Nordrhein-Westfalen;WDGAT1;Einwanderungsgeschichte (ausführlich);WANDERUNG-X;Ohne Einwanderungsgeschichte;73,2;%;PRS018;Personen;e
1000A;Bevölkerung kompakt (Gebietsstand 15.05.2022);STAG;Stichtag;2022-05-15;GEOBL1;Bundesländer;05;Nordrhein-Westfalen;WDGAT1;Einwanderungsgeschichte (ausführlich);WANDERUNG-X;Ohne Einwanderungsgeschichte;13098908;Anzahl;PRS018;Personen;e
1000A;Bevölkerung kompakt (Gebietsstand 15.05.2022);STAG;Stichtag;2022-05-15;GEOBL1;Bundesländer;16;Thüringen;WDGAT1;Einwanderungsgeschichte (ausführlich);WANDERUNG-EINS;Mit einseitiger Einwanderungsgeschichte;0,4;%;PRS018;Personen;e
1000A;Bevölkerung kompakt (Gebietsstand 15.05.2022);STAG;Stichtag;2022-05-15;GEOBL1;Bundesländer;16;Thüringen;WDGAT1;Einwanderungsgeschichte (ausführlich);WANDERUNG-EINS;Mit einseitiger Einwanderungsgeschichte;8953;Anzahl;PRS018;Personen;e
1000A;Bevölkerung kompakt (Gebietsstand 15.05.2022);STAG;Stichtag;2022-05-15;GEOBL1;Bundesländer;06;Hessen;WDGAT1;Einwanderungsgeschichte (ausführlich);EINGEWANDERTE;Eingewanderte;23,6;%;PRS018;Personen;e
1000A;Bevölkerung kompakt (Gebietsstand 15.05.2022);STAG;Stichtag;2022-05-15;GEOBL1;Bundesländer;06;Hessen;WDGAT1;Einwanderungsgeschichte (ausführlich);EINGEWANDERTE;Eingewanderte;1467353;Anzahl;PRS018;Personen;e
1000A;Bevölkerung kompakt (Gebietsstand 15.05.2022);STAG;Stichtag;2022-05-15;GEOBL1;Bundesländer;06;Hessen;WDGAT1;Einwanderungsgeschichte (ausführlich);NACHKOMMEN;Nachkommen;4,1;%;PRS018;Personen;e
1000A;Bevölkerung kompakt (Gebietsstand 15.05.2022);STAG;Stichtag;2022-05-15;GEOBL1;Bundesländer;06;Hessen;WDGAT1;Einwanderungsgeschichte (ausführlich);NACHKOMMEN;Nachkommen;254343;Anzahl;PRS018;Personen;e
1000A;Bevölkerung kompakt (Gebietsstand 15.05.2022);STAG;Stichtag;2022-05-15;GEOBL1;Bundesländer;03;Niedersachsen;WDGAT1;Einwanderungsgeschichte (ausführlich);EINGEWANDERTE;Eingewanderte;16,4;%;PRS018;Personen;e
1000A;Bevölkerung kompakt (Gebietsstand 15.05.2022);STAG;Stichtag;2022-05-15;GEOBL1;Bundesländer;03;Niedersachsen;WDGAT1;Einwanderungsgeschichte (ausführlich);EINGEWANDERTE;Eingewanderte;1303512;Anzahl;PRS018;Personen;e
1000A;Bevölkerung kompakt (Gebietsstand 15.05.2022);STAG;Stichtag;2022-05-15;GEOBL1;Bundesländer;14;Sachsen;WDGAT1;Einwanderungsgeschichte (ausführlich);EINGEWANDERTE;Eingewanderte;8,4;%;PRS018;Personen;e
1000A;Bevölkerung kompakt (Gebietsstand 15.05.2022);STAG;Stichtag;2022-05-15;GEOBL1;Bundesländer;14;Sachsen;WDGAT1;Einwanderungsgeschichte (ausführlich);EINGEWANDERTE;Eingewanderte;339607;Anzahl;PRS018;Personen;e
1000A;Bevölkerung kompakt (Gebietsstand 15.05.2022);STAG;Stichtag;2022-05-15;GEOBL1;Bundesländer;04;Bremen;WDGAT1;Einwanderungsgeschichte (ausführlich);WANDERUNG-X;Ohne Einwanderungsgeschichte;65,6;%;PRS018;Personen;e
1000A;Bevölkerung kompakt (Gebietsstand 15.05.2022);STAG;Stichtag;2022-05-15;GEOBL1;Bundesländer;04;Bremen;WDGAT1;Einwanderungsgeschichte (ausführlich);WANDERUNG-X;Ohne Einwanderungsgeschichte;455020;Anzahl;PRS018;Personen;e
1000A;Bevölkerung kompakt (Gebietsstand 15.05.2022);STAG;Stichtag;2022-05-15;GEOBL1;Bundesländer;11;Berlin;WDGAT1;Einwanderungsgeschichte (ausführlich);NACHKOMMEN;Nachkommen;3,8;%;PRS018;Personen;e
1000A;Bevölkerung kompakt (Gebietsstand 15.05.2022);STAG;Stichtag;2022-05-15;GEOBL1;Bundesländer;11;Berlin;WDGAT1;Einwanderungsgeschichte (ausführlich);NACHKOMMEN;Nachkommen;137138;Anzahl;PRS018;Personen;e
1000A;Bevölkerung kompakt (Gebietsstand 15.05.2022);STAG;Stichtag;2022-05-15;GEOBL1;Bundesländer;07;Rheinland-Pfalz;WDGAT1;Einwanderungsgeschichte (ausführlich);WANDERUNG-EINS;Mit einseitiger Einwanderungsgeschichte;1,7;%;PRS018;Personen;e
1000A;Bevölkerung kompakt (Gebietsstand 15.05.2022);STAG;Stichtag;2022-05-15;GEOBL1;Bundesländer;07;Rheinland-Pfalz;WDGAT1;Einwanderungsgeschichte (ausführlich);WANDERUNG-EINS;Mit einseitiger Einwanderungsgeschichte;71033;Anzahl;PRS018;Personen;e
